Title,Company,Location,URL,Date
Desenvolvedor(a) Jr | Remoto,Plugaaê,"Florianópolis, Santa Catarina, Brazil",https://br.linkedin.com/jobs/view/desenvolvedor-a-jr-remoto-at-plugaa%C3%AA-3748107348?refId=K9m1ZlVzsFcY%2B6fsvgWy7Q%3D%3D&trackingId=9S%2BuhpXtBJVa7T6PAhRjMw%3D%3D&position=1&pageNum=0&trk=public_jobs_jserp-result_search-card,2023-11-01
"Pessoa Desenvolvedora de Software Front End - Junior
        
          (1 vaga)",TOTVS,"Joinville, Santa Catarina, Brazil",https://br.linkedin.com/jobs/view/pessoa-desenvolvedora-de-software-front-end-junior%0A-%0A-1-vaga-at-totvs-3763819882?refId=K9m1ZlVzsFcY%2B6fsvgWy7Q%3D%3D&trackingId=x8sgFQ8ZQuKkUYjJRXFyWA%3D%3D&position=2&pageNum=0&trk=public_jobs_jserp-result_search-card,2023-11-21
Desenvolvedor Front-end Junior,"PSISEG - Psicologia, RH e SST",Greater São Paulo Area,https://br.linkedin.com/jobs/view/desenvolvedor-front-end-junior-at-psiseg-psicologia-rh-e-sst-3721864095?refId=K9m1ZlVzsFcY%2B6fsvgWy7Q%3D%3D&trackingId=LbBWRi0eOk176mgD%2FGMmyw%3D%3D&position=3&pageNum=0&trk=public_jobs_jserp-result_search-card,2023-09-15
Desenvolvedor Front End Junior,RHEstratégia,"São Paulo, São Paulo, Brazil",https://br.linkedin.com/jobs/view/desenvolvedor-front-end-junior-at-rhestrat%C3%A9gia-3764691843?refId=K9m1ZlVzsFcY%2B6fsvgWy7Q%3D%3D&trackingId=bUKI0uCn%2BA4DqZAjOl71CQ%3D%3D&position=4&pageNum=0&trk=public_jobs_jserp-result_search-card,2023-11-14
Desenvolvedor(a) Web,SERI.E DESIGN,"São Paulo, São Paulo, Brazil",https://br.linkedin.com/jobs/view/desenvolvedor-a-web-at-seri-e-design-3763560759?refId=K9m1ZlVzsFcY%2B6fsvgWy7Q%3D%3D&trackingId=qYQ51UDKnnkCYGCSX94iXA%3D%3D&position=5&pageNum=0&trk=public_jobs_jserp-result_search-card,2023-11-14
Programador Júnior,Unimed Vale do Sinos,"Novo Hamburgo, Rio Grande do Sul, Brazil",https://br.linkedin.com/jobs/view/programador-j%C3%BAnior-at-unimed-vale-do-sinos-3686409605?refId=K9m1ZlVzsFcY%2B6fsvgWy7Q%3D%3D&trackingId=xJraRApHWdApiv6zt42sKQ%3D%3D&position=6&pageNum=0&trk=public_jobs_jserp-result_search-card,2023-08-05
Pessoa Desenvolvedora React Júnior,DB1 Group,"Maringá, Paraná, Brazil",https://br.linkedin.com/jobs/view/pessoa-desenvolvedora-react-j%C3%BAnior-at-db1-group-3768735058?refId=K9m1ZlVzsFcY%2B6fsvgWy7Q%3D%3D&trackingId=jghUfxQlTVIwRg5aw5aD0w%3D%3D&position=7&pageNum=0&trk=public_jobs_jserp-result_search-card,2023-11-28
Desenvolvedor Full Stack Júnior,Grão Direto,"Uberaba, Minas Gerais, Brazil",https://br.linkedin.com/jobs/view/desenvolvedor-full-stack-j%C3%BAnior-at-gr%C3%A3o-direto-3677189145?refId=K9m1ZlVzsFcY%2B6fsvgWy7Q%3D%3D&trackingId=ovSyekDtpYQ4Qq3f3U3x4Q%3D%3D&position=8&pageNum=0&trk=public_jobs_jserp-result_search-card,2023-07-31
Programador Front end Júnior,Aqua Multitouch,"Belo Horizonte, Minas Gerais, Brazil",https://br.linkedin.com/jobs/view/programador-front-end-j%C3%BAnior-at-aqua-tecnologia-3744947769?refId=K9m1ZlVzsFcY%2B6fsvgWy7Q%3D%3D&trackingId=vIZ0EYAWsz74xFjT8kt00A%3D%3D&position=9&pageNum=0&trk=public_jobs_jserp-result_search-card,2023-10-27
Desenvolvedor Full Stack Júnior,TAGNA Technology,"Belo Horizonte, Minas Gerais, Brazil",https://br.linkedin.com/jobs/view/desenvolvedor-full-stack-j%C3%BAnior-at-tagna-tecnologia-3774230404?refId=K9m1ZlVzsFcY%2B6fsvgWy7Q%3D%3D&trackingId=w1FyJi3XCpPrPPHnDJhRKQ%3D%3D&position=10&pageNum=0&trk=public_jobs_jserp-result_search-card,2023-11-27
Estágio de Desenvolvedor(a) Web Fullstack ( C# e Angular),Viasoft Korp | Industry ERP,Brazil,https://br.linkedin.com/jobs/view/est%C3%A1gio-de-desenvolvedor-a-web-fullstack-c%23-e-angular-at-viasoft-korp-erp-ind%C3%BAstria-e-distribui%C3%A7%C3%A3o-3750098456?refId=K9m1ZlVzsFcY%2B6fsvgWy7Q%3D%3D&trackingId=pVCEgKJ4%2BVucopQUiqoO7g%3D%3D&position=11&pageNum=0&trk=public_jobs_jserp-result_search-card,2023-10-27
Desenvolvedor Front end Junior,IVENTIS,"São Paulo, São Paulo, Brazil",https://br.linkedin.com/jobs/view/desenvolvedor-front-end-junior-at-iventis-3740510098?refId=K9m1ZlVzsFcY%2B6fsvgWy7Q%3D%3D&trackingId=xTMyBCxKsS4aumzoRArhNA%3D%3D&position=12&pageNum=0&trk=public_jobs_jserp-result_search-card,2023-10-16
Desenvolvedor (a) Web Júnior,Otimize,"Porto Alegre, Rio Grande do Sul, Brazil",https://br.linkedin.com/jobs/view/desenvolvedor-a-web-j%C3%BAnior-at-otimize-3726552953?refId=K9m1ZlVzsFcY%2B6fsvgWy7Q%3D%3D&trackingId=QFFk51Zdy4DtaWDVZe6aFQ%3D%3D&position=13&pageNum=0&trk=public_jobs_jserp-result_search-card,2023-09-29
Junior Software Engineer,MixRank,"Ituiutaba, Minas Gerais, Brazil",https://br.linkedin.com/jobs/view/junior-software-engineer-at-mixrank-3764418502?refId=K9m1ZlVzsFcY%2B6fsvgWy7Q%3D%3D&trackingId=bheA45HuNcWc2zh4jwtmoQ%3D%3D&position=14&pageNum=0&trk=public_jobs_jserp-result_search-card,2023-11-13
Desenvolvedor Front-End,FuelTech,"Porto Alegre, Rio Grande do Sul, Brazil",https://br.linkedin.com/jobs/view/desenvolvedor-front-end-at-fueltech-3774401905?refId=K9m1ZlVzsFcY%2B6fsvgWy7Q%3D%3D&trackingId=cHzD4ndk1BbRTaZuf3tjXw%3D%3D&position=15&pageNum=0&trk=public_jobs_jserp-result_search-card,2023-11-28
Junior Software Engineer,MixRank,"Ituiutaba, Minas Gerais, Brazil",https://br.linkedin.com/jobs/view/junior-software-engineer-at-mixrank-3764422110?refId=K9m1ZlVzsFcY%2B6fsvgWy7Q%3D%3D&trackingId=0n98p%2BgLhZHSFUr08q7I2w%3D%3D&position=16&pageNum=0&trk=public_jobs_jserp-result_search-card,2023-11-13
Desenvolvedor Java Fullstack Junior,Source2IT,"Barueri, São Paulo, Brazil",https://br.linkedin.com/jobs/view/desenvolvedor-java-fullstack-junior-at-source2it-3772669282?refId=K9m1ZlVzsFcY%2B6fsvgWy7Q%3D%3D&trackingId=FeuPl0O1yHqGJCvjO9%2BE5w%3D%3D&position=17&pageNum=0&trk=public_jobs_jserp-result_search-card,2023-11-28
Web Developer Intern (Python) - Remote,MonetizeMore,Brazil,https://br.linkedin.com/jobs/view/web-developer-intern-python-remote-at-monetizemore-3728857957?refId=K9m1ZlVzsFcY%2B6fsvgWy7Q%3D%3D&trackingId=j3%2FZY66RlM8kUjAekCnMnQ%3D%3D&position=18&pageNum=0&trk=public_jobs_jserp-result_search-card,2023-09-29
Desenvolvedor Front end Junior,IVENTIS,"Barueri, São Paulo, Brazil",https://br.linkedin.com/jobs/view/desenvolvedor-front-end-junior-at-iventis-3773918373?refId=K9m1ZlVzsFcY%2B6fsvgWy7Q%3D%3D&trackingId=awbtUKBzi4a99%2BSX5Av0Dg%3D%3D&position=19&pageNum=0&trk=public_jobs_jserp-result_search-card,2023-11-27
Desenvolvedor Front End,RGK4IT,"Maringá, Paraná, Brazil",https://br.linkedin.com/jobs/view/desenvolvedor-front-end-at-rgk4it-3772373114?refId=K9m1ZlVzsFcY%2B6fsvgWy7Q%3D%3D&trackingId=skG7MqZtMWmhTegym1c%2FlA%3D%3D&position=20&pageNum=0&trk=public_jobs_jserp-result_search-card,2023-11-24
Programador(a) Full Stack Júnior,Íonz,"São Paulo, São Paulo, Brazil",https://br.linkedin.com/jobs/view/programador-a-full-stack-j%C3%BAnior-at-%C3%ADonz-3767644929?refId=K9m1ZlVzsFcY%2B6fsvgWy7Q%3D%3D&trackingId=LwMTkMe7a6N8%2F5ACQokHcg%3D%3D&position=21&pageNum=0&trk=public_jobs_jserp-result_search-card,2023-11-23
Desenvolvedor Back-end Junior,Ottimizza Sistemas Contábeis,"Joinville, Santa Catarina, Brazil",https://br.linkedin.com/jobs/view/desenvolvedor-back-end-junior-at-ottimizza-automa%C3%A7%C3%A3o-cont%C3%A1bil-3751619465?refId=K9m1ZlVzsFcY%2B6fsvgWy7Q%3D%3D&trackingId=ddtYqqJPeUeRJ3XOq%2BNI%2FQ%3D%3D&position=22&pageNum=0&trk=public_jobs_jserp-result_search-card,2023-11-06
Desenvolvedor(a) Javascript Júnior - Full Stack | Júnior,ProgramaThor,"São Paulo, São Paulo, Brazil",https://br.linkedin.com/jobs/view/desenvolvedor-a-javascript-j%C3%BAnior-full-stack-j%C3%BAnior-at-programathor-3765283709?refId=K9m1ZlVzsFcY%2B6fsvgWy7Q%3D%3D&trackingId=bBDVBIO6S2EJD6uXx7D7%2Bg%3D%3D&position=23&pageNum=0&trk=public_jobs_jserp-result_search-card,2023-11-14
Pessoa Desenvolvedora Frontend l,Caffeine Army,"Salvador, Bahia, Brazil",https://br.linkedin.com/jobs/view/pessoa-desenvolvedora-frontend-l-at-caffeine-army-3741688886?refId=K9m1ZlVzsFcY%2B6fsvgWy7Q%3D%3D&trackingId=bsXp9SqB5kO%2BgWpIyrL84Q%3D%3D&position=24&pageNum=0&trk=public_jobs_jserp-result_search-card,2023-10-17
